101,The Dark Knight,Action,2008,9.0,English,Batman battles the Joker to save Gotham City from organized chaos,Christopher Nolan,Christian Bale; Heath Ledger,98,https://image.tmdb.org/t/p/w500/qJ2tW6WMUDux911r6m7haRef0WH.jpg
102,Inception,Sci-Fi,2010,8.8,English,A skilled thief enters people dreams to steal corporate secrets,Christopher Nolan,Leonardo DiCaprio; Joseph Gordon-Levitt,96,https://image.tmdb.org/t/p/w500/9gk7adHYeDvHkCSEqAvQNLV5Uge.jpg
103,Interstellar,Sci-Fi,2014,8.7,English,Explorers travel through a wormhole in space to ensure humanity survival,Christopher Nolan,Matthew McConaughey; Anne Hathaway,97,https://image.tmdb.org/t/p/w500/gEU2QniE6E77NI6lCU6MxlNBvIx.jpg
104,Pulp Fiction,Crime,1994,8.9,English,Mob hitmen a boxer and bandits intertwine in four tales of violence,Quentin Tarantino,John Travolta; Samuel L Jackson,94,https://image.tmdb.org/t/p/w500/d5iIlFn5s0ImszYzBPb8JPIfbXD.jpg
105,The Matrix,Sci-Fi,1999,8.7,English,A hacker discovers reality is a simulation controlled by machines,Lana Wachowski,Keanu Reeves; Laurence Fishburne,95,https://image.tmdb.org/t/p/w500/f89U3ADr1oiB1s9GkdPOEpXUk5H.jpg
106,Fight Club,Drama,1999,8.8,English,An insomniac office worker forms an underground fight club with a soapmaker,David Fincher,Brad Pitt; Edward Norton,93,https://image.tmdb.org/t/p/w500/pB8BM7pdSp6B6Ih7QZ4DrQ3PmJK.jpg
107,Forrest Gump,Drama,1994,8.8,English,A simple man witnesses and unwittingly influences key historic events,Robert Zemeckis,Tom Hanks; Robin Wright,94,https://image.tmdb.org/t/p/w500/arw2VCBveWOVZr6pxd9XTd1TdQa.jpg
108,The Godfather,Crime,1972,9.2,English,An aging mob patriarch transfers control of his empire to his reluctant son,Francis Ford Coppola,Marlon Brando; Al Pacino,99,https://image.tmdb.org/t/p/w500/3bhkrj58Vtu7enYsRolD1fZdja1.jpg
109,The Godfather Part II,Crime,1974,9.0,English,The early life and career of Vito Corleone portrays Michael grip on the family,Francis Ford Coppola,Al Pacino; Robert De Niro,96,https://image.tmdb.org/t/p/w500/hek3koDUyMrk7uOB5GVFqm1lmza.jpg
110,The Shawshank Redemption,Drama,1994,9.3,English,Two imprisoned men bond over years finding solace and eventual redemption,Frank Darabont,Tim Robbins; Morgan Freeman,100,https://image.tmdb.org/t/p/w500/9cqNxx0GxF0bflZmeSMuL5tnGzr.jpg
111,Goodfellas,Crime,1990,8.7,English,The rise and fall of mob associate Henry Hill and his family over decades,Martin Scorsese,Robert De Niro; Ray Liotta,90,https://image.tmdb.org/t/p/w500/aKuFiU82s5ISJpGZp7YkIr3kCUd.jpg
112,Seven,Mystery,1995,8.6,English,Two detectives hunt a serial killer who uses the seven deadly sins as motives,David Fincher,Morgan Freeman; Brad Pitt,91,https://image.tmdb.org/t/p/w500/6yoghtyTpznpBik8EngEmJskVUO.jpg
113,Gladiator,Action,2000,8.5,English,A former Roman general seeks vengeance against the corrupt emperor who murdered his family,Ridley Scott,Russell Crowe; Joaquin Phoenix,92,https://image.tmdb.org/t/p/w500/ty8TGRuvJLPUmAR1H1nRIsgwvim.jpg
114,The Prestige,Mystery,2006,8.5,English,Two rival stage magicians obsessively compete to perform the ultimate teleportation trick,Christopher Nolan,Christian Bale; Hugh Jackman,89,https://image.tmdb.org/t/p/w500/tRNbtGo5GHp79BTiihaqqnSYfQ7.jpg
115,The Departed,Crime,2006,8.5,English,An undercover cop and a police mole attempt to identify each other,Martin Scorsese,Leonardo DiCaprio; Matt Damon,91,https://image.tmdb.org/t/p/w500/nT97ifVT2J1yMQmeq20Qblg61T.jpg
116,Whiplash,Drama,2014,8.5,English,A young drummer endures extreme abuse from an instructor to achieve greatness,Damien Chazelle,Miles Teller; J K Simmons,88,https://image.tmdb.org/t/p/w500/7fn624j5lj3xTme2SgiLCeuedmO.jpg
117,Memento,Mystery,2000,8.4,English,An insurance investigator with short-term memory loss tracks his wife killer,Christopher Nolan,Guy Pearce; Carrie-Anne Moss,87,https://image.tmdb.org/t/p/w500/yuNs09hvpHVU1cBTCAk9zxsL2oW.jpg
118,Alien,Sci-Fi,1979,8.5,English,The crew of a spacecraft investigates a transmission and encounters a deadly organism,Ridley Scott,Sigourney Weaver; Tom Skerritt,90,https://image.tmdb.org/t/p/w500/vfrQk5IPloGg1v9Rzbh2Eg3VGyM.jpg
119,Aliens,Sci-Fi,1986,8.4,English,Ellen Ripley returns to the moon accompanied by colonial marines to face alien hordes,James Cameron,Sigourney Weaver; Michael Biehn,89,https://image.tmdb.org/t/p/w500/r1x5JG2Kv85USNpG87G18O64B4e.jpg
120,Blade Runner 2049,Sci-Fi,2017,8.0,English,A new blade runner unearths a secret that leads him to find Rick Deckard,Denis Villeneuve,Ryan Gosling; Harrison Ford,89,https://image.tmdb.org/t/p/w500/gajva2L0rPYkEWjzgFlBXCAVBE5.jpg
121,Blade Runner,Sci-Fi,1982,8.1,English,A detective tracks down rogue replicants in a dystopian future Los Angeles,Ridley Scott,Harrison Ford; Rutger Hauer,88,https://image.tmdb.org/t/p/w500/63N9uy8nd9j7Eog2axPQ8lbr3Wj.jpg
122,Dune,Sci-Fi,2021,8.0,English,A young nobleman journeys to a dangerous desert planet to protect his family legacy,Denis Villeneuve,Timothee Chalamet; Zendaya,93,https://image.tmdb.org/t/p/w500/d5NXSklXo0qyIYkgV94XAgMIckC.jpg
123,Dune Part Two,Sci-Fi,2024,8.6,English,Paul Atreides unites with the Fremen while seeking revenge against the conspirators,Denis Villeneuve,Timothee Chalamet; Zendaya,96,https://image.tmdb.org/t/p/w500/1pdfLvkbY9ohJlCjQH2CZjjYVvJ.jpg
124,Oppenheimer,Biography,2023,8.9,English,Physicist J Robert Oppenheimer leads the Manhattan Project to create the atomic bomb,Christopher Nolan,Cillian Murphy; Emily Blunt,97,https://image.tmdb.org/t/p/w500/8Gxv8gSFCU0XGDykEGv7zR1n2ua.jpg
125,The Dark Knight Rises,Action,2012,8.4,English,Batman returns to save Gotham City from the brutal terrorist Bane,Christopher Nolan,Christian Bale; Tom Hardy,92,https://image.tmdb.org/t/p/w500/hr0L2aueqlP2BYUvnACj7jj905Q.jpg
126,Avengers Endgame,Action,2019,8.4,English,The remaining Avengers assemble to reverse the catastrophic destruction wrought by Thanos,Anthony Russo,Robert Downey Jr; Chris Evans,98,https://image.tmdb.org/t/p/w500/or06FN3Dka5tukK1e9sl16pB3iy.jpg
127,Avengers Infinity War,Action,2018,8.4,English,The Avengers confront Thanos before he collects all six Infinity Stones,Anthony Russo,Robert Downey Jr; Josh Brolin,97,https://image.tmdb.org/t/p/w500/7WsyChQLEftFiDOVTGkv3hFpyyt.jpg
128,The Avengers,Action,2012,8.0,English,Earth mightiest heroes unite to fight Loki and his invading alien army,Joss Whedon,Robert Downey Jr; Chris Evans,93,https://image.tmdb.org/t/p/w500/RYMX2wcKCBAr24UyPD7xwmjaTn.jpg
129,Iron Man,Action,2008,7.9,English,A billionaire industrialist builds an armored suit after being captured by terrorists,Jon Favreau,Robert Downey Jr; Gwyneth Paltrow,91,https://image.tmdb.org/t/p/w500/78lPtwv72eTNqFW9COBYI0dWDJa.jpg
130,Spider-Man Into the Spider-Verse,Animation,2018,8.4,English,Teenager Miles Morales becomes Spider-Man and meets heroes from parallel dimensions,Peter Ramsey,Shameik Moore; Jake Johnson,93,https://image.tmdb.org/t/p/w500/iiZZdoQBEYBv6id8su7ImL0oCbD.jpg
131,Spider-Man Across the Spider-Verse,Animation,2023,8.7,English,Miles Morales encounters the Spider Society charged with protecting the Multiverse,Joaquim Dos Santos,Shameik Moore; Hailee Steinfeld,95,https://image.tmdb.org/t/p/w500/8Vt6mWEReuy4Of61Lnj5Xj704m8.jpg
132,Spider-Man 2,Action,2004,7.5,English,Peter Parker struggles with personal life while battling the brilliant Doctor Octopus,Sam Raimi,Tobey Maguire; Kirsten Dunst,89,https://image.tmdb.org/t/p/w500/olxpyq9kJAZ2NU1siLmxowSJ9Fm.jpg
133,Mad Max Fury Road,Action,2015,8.1,English,In a desert wasteland a woman rebels against a tyrant with the help of a drifter,George Miller,Tom Hardy; Charlize Theron,92,https://image.tmdb.org/t/p/w500/hA2ple9q4qnwxp3hKVNhroipsir.jpg
134,Arrival,Sci-Fi,2016,7.9,English,A linguist works with the military to decipher alien communications around the globe,Denis Villeneuve,Amy Adams; Jeremy Renner,88,https://image.tmdb.org/t/p/w500/x2FJsf1ElAgr63Y3PNPtJrcmpoe.jpg
135,Joker,Crime,2019,8.4,English,A failed comedian descends into madness and incites a violent revolution in Gotham,Todd Phillips,Joaquin Phoenix; Robert De Niro,95,https://image.tmdb.org/t/p/w500/udDclJoHjfjb8Ekgsd4FDteOkCU.jpg
136,Star Wars A New Hope,Sci-Fi,1977,8.6,English,A farm boy joins forces with a Jedi Knight and a pilot to rescue Princess Leia,George Lucas,Mark Hamill; Harrison Ford,96,https://image.tmdb.org/t/p/w500/6FfCtAuVAW8XJjZ7eWeLibRLWTw.jpg
137,Star Wars The Empire Strikes Back,Sci-Fi,1980,8.7,English,Darth Vader pursues the Rebel Alliance as Luke trains under Jedi Master Yoda,Irvin Kershner,Mark Hamill; Harrison Ford,97,https://image.tmdb.org/t/p/w500/nNAeTmF4CtdSgMDplXTDPOpYzsX.jpg
138,Star Wars Return of the Jedi,Sci-Fi,1983,8.3,English,Luke Skywalker attempts to bring his father back to the light side of the Force,Richard Marquand,Mark Hamill; Harrison Ford,91,https://image.tmdb.org/t/p/w500/xxHPdu6r9iZSD1LhZ0G1e0fUe1b.jpg
139,Jurassic Park,Sci-Fi,1993,8.2,English,A wildlife park of cloned dinosaurs suffers a catastrophic security failure,Steven Spielberg,Sam Neill; Laura Dern,94,https://image.tmdb.org/t/p/w500/oU7Oq2kFAAlGqbU4VoAE36g4hoI.jpg
140,Schindler List,Biography,1993,9.0,English,An industrialist saves hundreds of Jewish refugees during the Holocaust,Steven Spielberg,Liam Neeson; Ralph Fiennes,97,https://image.tmdb.org/t/p/w500/sF1U4EUQS8YHUYjNl3pMGNIQyr0.jpg
141,Saving Private Ryan,War,1998,8.6,English,A group of soldiers embark on a mission behind enemy lines to retrieve a paratrooper,Steven Spielberg,Tom Hanks; Matt Damon,95,https://image.tmdb.org/t/p/w500/uqx37cS8cpHg8x35f9U5IBlrCV3.jpg
142,The Silence of the Lambs,Thriller,1991,8.6,English,An FBI trainee consults an incarcerated cannibalistic psychiatrist to catch a serial killer,Jonathan Demme,Jodie Foster; Anthony Hopkins,94,https://image.tmdb.org/t/p/w500/uS9m8OBk1A8eM9I042bx8XXpqAq.jpg
143,The Green Mile,Drama,1999,8.6,English,Guards on death row discover an inmate possesses miraculous healing abilities,Frank Darabont,Tom Hanks; Michael Clarke Duncan,93,https://image.tmdb.org/t/p/w500/velWPhVMQeQKcxggNEU8YmIo52R.jpg
144,Leon The Professional,Crime,1994,8.5,English,A professional hitman reluctantly protects a young girl after her family is murdered,Luc Besson,Jean Reno; Natalie Portman,90,https://image.tmdb.org/t/p/w500/yI6X2cQ9zg99hhRdvaD29OGlyYv.jpg
145,The Pianist,Biography,2002,8.5,English,A Jewish musician struggles to survive the destruction of the Warsaw ghetto in WWII,Roman Polanski,Adrien Brody; Thomas Kretschmann,91,https://image.tmdb.org/t/p/w500/3eLl7L1T8FqG1i1jQ0h4v2kL2bI.jpg
146,Terminator 2 Judgment Day,Sci-Fi,1991,8.6,English,A reprogrammed cyborg is sent to protect John Connor from a liquid metal assassin,James Cameron,Arnold Schwarzenegger; Linda Hamilton,95,https://image.tmdb.org/t/p/w500/5M0j0B18abtBI5P2nnQiYJK5Bs8.jpg
147,The Terminator,Sci-Fi,1984,8.1,English,A cyborg assassin travels back in time to eliminate the mother of humanity savior,James Cameron,Arnold Schwarzenegger; Michael Biehn,90,https://image.tmdb.org/t/p/w500/hzXSE68i7L9ElrSVWH4jhAmQvcu.jpg
148,Back to the Future,Sci-Fi,1985,8.5,English,A teenager is accidentally sent thirty years into the past in a time-traveling DeLorean,Robert Zemeckis,Michael J Fox; Christopher Lloyd,94,https://image.tmdb.org/t/p/w500/fNOH9f1aA7XRTzl1sAOx9iF553Q.jpg
149,The Lion King,Animation,1994,8.5,English,A young lion prince flees his kingdom after the murder of his father only to reclaim it,Roger Allers,Matthew Broderick; Jeremy Irons,95,https://image.tmdb.org/t/p/w500/sKCr78MXSLixwmZ8DyJLrpMsd15.jpg
150,WALL-E,Animation,2008,8.4,English,A lonely waste-collecting robot embarks on a space journey that changes humanity future,Andrew Stanton,Ben Burtt; Elissa Knight,92,https://image.tmdb.org/t/p/w500/hbhFnRzzg6ZDmm8YAmxBnQAcqaw.jpg
151,Toy Story,Animation,1995,8.3,English,A cowboy doll feels threatened when a new space ranger toy becomes the favorite,John Lasseter,Tom Hanks; Tim Allen,93,https://image.tmdb.org/t/p/w500/uXDfjJbdP4ijW5hWSBrPrlKpxab.jpg
152,Toy Story 3,Animation,2010,8.3,English,The toys are mistakenly donated to a daycare center as their owner prepares for college,Lee Unkrich,Tom Hanks; Tim Allen,91,https://image.tmdb.org/t/p/w500/AbbXspwhIR19YsJeA7m8ZkIuV5L.jpg
153,Coco,Animation,2017,8.4,English,An aspiring musician enters the Land of the Dead to discover his family history,Lee Unkrich,Anthony Gonzalez; Gael Garcia Bernal,92,https://image.tmdb.org/t/p/w500/gGEsBPAijhVUFoiNpgZXqRVWJt2.jpg
154,There Will Be Blood,Drama,2007,8.2,English,A ruthless oil prospector builds an empire during Southern California oil boom,Paul Thomas Anderson,Daniel Day-Lewis; Paul Dano,91,https://image.tmdb.org/t/p/w500/fa0RDkAlCec0STeMNAhPaF89q6U.jpg
155,Kill Bill Vol 1,Action,2003,8.2,English,A former assassin wakes from a coma and wreaks vengeance on her betrayal squad,Quentin Tarantino,Uma Thurman; Lucy Liu,92,https://image.tmdb.org/t/p/w500/v7TaX8kXMXs5yFFGR41guUDNcnB.jpg
156,Inglourious Basterds,War,2009,8.4,English,A squad of Jewish soldiers plans to assassinate Nazi leaders in occupied Paris,Quentin Tarantino,Brad Pitt; Christoph Waltz,94,https://image.tmdb.org/t/p/w500/7sfbEnaARXDDhKm0CZ7D7kyBTd1.jpg
157,Django Unchained,Western,2012,8.5,English,A freed slave sets out with a German bounty hunter to rescue his wife from a plantation,Quentin Tarantino,Jamie Foxx; Christoph Waltz,95,https://image.tmdb.org/t/p/w500/7oWY8vdWW7thTzWh3OKYRkWUlD5.jpg
158,The Shining,Horror,1980,8.4,English,A family heads to an isolated hotel for the winter where an evil presence drives the father violent,Stanley Kubrick,Jack Nicholson; Shelley Duvall,93,https://image.tmdb.org/t/p/w500/b33nnKl1v2W49bmBfs4i5zTqNWk.jpg
159,2001 A Space Odyssey,Sci-Fi,1968,8.3,English,Astronauts and sentient computer HAL 9000 embark on a voyage to Jupiter following an artifact,Stanley Kubrick,Keir Dullea; Gary Lockwood,92,https://image.tmdb.org/t/p/w500/ve72VxNqjGM69UmKxWIZ48hwQ7n.jpg
160,Titanic,Romance,1997,7.9,English,Two lovers from different social classes meet aboard the ill-fated luxury liner,James Cameron,Leonardo DiCaprio; Kate Winslet,98,https://image.tmdb.org/t/p/w500/9xjZS2rlVxm8SFx8kPC3aIGCOYQ.jpg
161,Up,Animation,2009,8.3,English,An elderly widower ties balloons to his house and flies away on an adventure,Pete Docter,Ed Asner; Jordan Nagai,90,https://image.tmdb.org/t/p/w500/vpbaStTMt8qqGBE2VgEEBI9oo9X.jpg
162,Finding Nemo,Animation,2003,8.2,English,A clownfish embarks on a journey across the ocean to find his abducted son,Andrew Stanton,Albert Brooks; Ellen DeGeneres,92,https://image.tmdb.org/t/p/w500/ggQnfkgh2zZt2b918m2y9f15s.jpg
163,Monsters Inc,Animation,2001,8.1,English,Two monsters generate city power through children screams until a child enters their world,Pete Docter,John Goodman; Billy Crystal,90,https://image.tmdb.org/t/p/w500/sgheTgdpT2Shdwnv01l2fD4A46L.jpg
164,Ratatouille,Animation,2007,8.1,English,A rat who dreams of becoming a chef allies with an awkward kitchen garbage boy,Brad Bird,Patton Oswalt; Ian Holm,90,https://image.tmdb.org/t/p/w500/t3vaWRPSf6W1nRsmF21qWFmUpBz.jpg
165,Inside Out,Animation,2015,8.1,English,The personified emotions of a young girl conflict over how to navigate a move,Pete Docter,Amy Poehler; Phyllis Smith,90,https://image.tmdb.org/t/p/w500/2H1TmgdfNbfMpvv5hMocd0dJ4p.jpg
166,Zootopia,Animation,2016,8.0,English,A rookie bunny cop and a cynical con artist fox uncover a citywide conspiracy,Byron Howard,Ginnifer Goodwin; Jason Bateman,89,https://image.tmdb.org/t/p/w500/sM33SANp9z6rDpWStoxz027zpbt.jpg
167,Shrek,Animation,2001,7.9,English,An ogre sets out on a quest to rescue a feisty princess in order to reclaim his swamp,Andrew Adamson,Mike Myers; Eddie Murphy,91,https://image.tmdb.org/t/p/w500/dyhaB19AIC4NxUV7BsBGZeL3oCF.jpg
168,Shrek 2,Animation,2004,7.3,English,Shrek and Fiona travel to Far Far Away to meet her parents with chaotic consequences,Andrew Adamson,Mike Myers; Eddie Murphy,88,https://image.tmdb.org/t/p/w500/2yYP0PQjG8zV0TurmRxEGNCb7GI.jpg
169,How to Train Your Dragon,Animation,2010,8.1,English,A young Viking befriends an injured dragon rather than slaying it,Chris Sanders,Jay Baruchel; Gerard Butler,90,https://image.tmdb.org/t/p/w500/ygGmAO60t8GyqUo9x1Gg3m8c2hG.jpg
170,The Truman Show,Drama,1998,8.2,English,An insurance salesman discovers his entire life is an orchestrated reality TV broadcast,Peter Weir,Jim Carrey; Ed Harris,92,https://image.tmdb.org/t/p/w500/vuza0WqY239gB2ohvtjvuZ1u50Q.jpg
171,Eternal Sunshine of the Spotless Mind,Romance,2004,8.3,English,A couple undergoes a medical procedure to erase each other from their memories,Michel Gondry,Jim Carrey; Kate Winslet,91,https://image.tmdb.org/t/p/w500/5MwkWH9tYHv3mV9OdYTMR5q9IzL.jpg
172,Catch Me If You Can,Biography,2002,8.1,English,An FBI agent pursues a brilliant young con artist who forged millions in checks,Steven Spielberg,Leonardo DiCaprio; Tom Hanks,92,https://image.tmdb.org/t/p/w500/ctjEj2xM32OvBXCq89W0xYjF7d0.jpg
173,The Wolf of Wall Street,Biography,2013,8.2,English,The rise and fall of a corrupt New York stockbroker engulfed in hedonism and crime,Martin Scorsese,Leonardo DiCaprio; Jonah Hill,94,https://image.tmdb.org/t/p/w500/kW9LmvYBAy1iB328h95q5t1wE1.jpg
174,Shutter Island,Mystery,2010,8.2,English,A U S Marshal investigates the disappearance of a patient from an asylum on an island,Martin Scorsese,Leonardo DiCaprio; Mark Ruffalo,93,https://image.tmdb.org/t/p/w500/kve20tXwUZpu4GUX8l6X7Z4RIQI.jpg
175,Taxi Driver,Crime,1976,8.2,English,A mentally unstable veteran works night shifts in New York City and plots violence,Martin Scorsese,Robert De Niro; Jodie Foster,91,https://image.tmdb.org/t/p/w500/ekstpH69PgBhgw419R4Go9ZRIio.jpg
176,Casino,Crime,1995,8.2,English,A casino operator and his enforcer battle greed and betrayal in Las Vegas,Martin Scorsese,Robert De Niro; Sharon Stone,89,https://image.tmdb.org/t/p/w500/4TS5O1IP42bY2BvgMxL256ENOhZ.jpg
177,Scarface,Crime,1983,8.3,English,A Cuban refugee takes over a drug cartel in Miami before falling victim to his greed,Brian De Palma,Al Pacino; Michelle Pfeiffer,93,https://image.tmdb.org/t/p/w500/iQ5z9Tugv89SbeMBSdgrN7R0RRA.jpg
178,Heat,Action,1995,8.3,English,A dedicated detective tracks an elite crew of professional bank robbers across Los Angeles,Michael Mann,Al Pacino; Robert De Niro,91,https://image.tmdb.org/t/p/w500/umSVJALscQrq6BG89hDfq11n07F.jpg
179,Reservoir Dogs,Crime,1992,8.3,English,Diamond thieves suspect an undercover cop is among them after a heist goes wrong,Quentin Tarantino,Harvey Keitel; Tim Roth,90,https://image.tmdb.org/t/p/w500/xi8Iu6Bhqq72127976e17g79493.jpg
180,Django Unchained,Western,2012,8.5,English,A freed slave sets out with a German bounty hunter to rescue his wife from a plantation,Quentin Tarantino,Jamie Foxx; Christoph Waltz,95,https://image.tmdb.org/t/p/w500/7oWY8vdWW7thTzWh3OKYRkWUlD5.jpg
181,Once Upon a Time in Hollywood,Comedy,2019,7.6,English,A faded television actor and his stunt double strive to achieve fame in 1969 Los Angeles,Quentin Tarantino,Leonardo DiCaprio; Brad Pitt,90,https://image.tmdb.org/t/p/w500/8j58iPBw9rXWKNAcZSSGZMD3Tw8.jpg
182,Kill Bill Vol 2,Action,2004,8.0,English,The Bride continues her quest of vengeance against her former boss and lover,Quentin Tarantino,Uma Thurman; David Carradine,89,https://image.tmdb.org/t/p/w500/2yhg0mZQMwtDyFgLjp129vfThTe.jpg
183,No Country for Old Men,Crime,2007,8.2,English,A hunter stumbles upon a drug deal gone wrong and is pursued by a psychopathic killer,Joel Coen,Tommy Lee Jones; Javier Bardem,92,https://image.tmdb.org/t/p/w500/6d5XOczcU20FcQqa4uTfdK5GvUa.jpg
184,Fargo,Crime,1996,8.1,English,A pregnant police chief investigates a botched kidnapping engineered by a car salesman,Joel Coen,Frances McDormand; William H Macy,89,https://image.tmdb.org/t/p/w500/rt7cpEr1u9f6w4e6y6t1190.jpg
185,The Big Lebowski,Comedy,1998,8.1,English,An eccentric slacker is mistaken for a millionaire with the same name and drawn into a kidnapping,Joel Coen,Jeff Bridges; John Goodman,90,https://image.tmdb.org/t/p/w500/b0A5Kx7XG5p089c9z419s9k2.jpg
186,The Social Network,Biography,2010,8.1,English,Harvard student Mark Zuckerberg creates Facebook and faces legal battles with co-founders,David Fincher,Jesse Eisenberg; Andrew Garfield,91,https://image.tmdb.org/t/p/w500/n0ybibhJtQ5icDqTpTqhk0P04Cn.jpg
187,Gone Girl,Thriller,2014,8.1,English,A man becomes the prime suspect after his wife mysteriously vanishes on their anniversary,David Fincher,Ben Affleck; Rosamund Pike,91,https://image.tmdb.org/t/p/w500/qymaJhucquUwjpKV8yW9WGFn5xc.jpg
188,Zodiac,Crime,2007,7.7,English,Cartoonists and detectives obsessively hunt the elusive Zodiac killer in San Francisco,David Fincher,Jake Gyllenhaal; Mark Ruffalo,89,https://image.tmdb.org/t/p/w500/6YkeMw6N0b25e98w4k1q8n6.jpg
189,The Sixth Sense,Mystery,1999,8.2,English,A child psychologist treats a boy who claims he can see dead people,M Night Shyamalan,Bruce Willis; Haley Joel Osment,92,https://image.tmdb.org/t/p/w500/4xD2P17Z0v2j9u8m6k2f1s.jpg
190,Split,Thriller,2016,7.3,English,A man with multiple personalities kidnaps three teenage girls as a final persona emerges,M Night Shyamalan,James McAvoy; Anya Taylor-Joy,88,https://image.tmdb.org/t/p/w500/rXMWO7WLI1976077w29.jpg
191,A Quiet Place,Horror,2018,7.5,English,A family must navigate their lives in absolute silence to evade blind predatory aliens,John Krasinski,Emily Blunt; John Krasinski,89,https://image.tmdb.org/t/p/w500/nAU74GmpUk7t5iklEp3bufwDq4n.jpg
192,Get Out,Horror,2017,7.8,English,A young Black man visits his white girlfriend family estate and uncovers terrifying secrets,Jordan Peele,Daniel Kaluuya; Allison Williams,91,https://image.tmdb.org/t/p/w500/tFXcEccSQMf3lfhfXKSU9iRBpa3.jpg
193,Us,Horror,2019,6.8,English,A family vacation turns into a nightmare when doppelgangers terrorize their home,Jordan Peele,Lupita Nyongo; Winston Duke,85,https://image.tmdb.org/t/p/w500/ux2dU1jQ2eSOXmlIXEvPPPtxzRB.jpg
194,Nope,Sci-Fi,2022,6.8,English,Caretakers at a California horse ranch discover a mysterious aerial phenomenon,Jordan Peele,Daniel Kaluuya; Keke Palmer,86,https://image.tmdb.org/t/p/w500/AcKVlWaNVVVFQwro3nLXqPlLIm9.jpg
195,The Shining,Horror,1980,8.4,English,A family heads to an isolated hotel for the winter where an evil presence drives the father violent,Stanley Kubrick,Jack Nicholson; Shelley Duvall,93,https://image.tmdb.org/t/p/w500/b33nnKl1v2W49bmBfs4i5zTqNWk.jpg
196,2001 A Space Odyssey,Sci-Fi,1968,8.3,English,Astronauts and sentient computer HAL 9000 embark on a voyage to Jupiter following an artifact,Stanley Kubrick,Keir Dullea; Gary Lockwood,92,https://image.tmdb.org/t/p/w500/ve72VxNqjGM69UmKxWIZ48hwQ7n.jpg
197,A Clockwork Orange,Sci-Fi,1971,8.3,English,A delinquent youth in a futuristic Britain is subjected to experimental behavior conditioning,Stanley Kubrick,Malcolm McDowell; Patrick Magee,90,https://image.tmdb.org/t/p/w500/4sHeTAp65WrSSuc05nRBKddhBxO.jpg
198,Full Metal Jacket,War,1987,8.3,English,A pragmatic recruit endures boot camp under a brutal sergeant and enters the Vietnam War,Stanley Kubrick,Matthew Modine; R Lee Ermey,91,https://image.tmdb.org/t/p/w500/kMKyx1k8h7scbtV7shGAIq53Fzg.jpg
199,Titanic,Romance,1997,7.9,English,Two lovers from different social classes meet aboard the ill-fated luxury liner,James Cameron,Leonardo DiCaprio; Kate Winslet,98,https://image.tmdb.org/t/p/w500/9xjZS2rlVxm8SFx8kPC3aIGCOYQ.jpg
200,Back to the Field,Drama,2020,8.0,English,A sports comeback story,Director,Actor,90,https://image.tmdb.org/t/p/w500/qJ2tW6WMUDux911r6m7haRef0WH.jpg